http://neumaticosbaratos.com,,200,,,['']
http://trisol.es,,200,oscommerce,es,
http://ofertaliux.com,"5,005,673
",200,prestashop,es,",hola@ofertaliux.com"
http://papeldispal.es,"6,319,283
",200,magento,es,
,,,,,['']
http://elmorrion.com,"4,883,384
",200,,es,
http://webacuarios.es,,200,,es,
,"8,891,007
",,,,['']
http://furiousfish.es,"3,561,423
",200,prestashop,es,",info@furiousfish.es"
http://sweetworldofnails.com,"9,905,267
",200,shopify,en,
http://uvitoner.es,"5,036,437
",200,prestashop,es-es,",margarita@uvitoner.es"
http://comercialopazo.es,,200,prestashop,,['']
http://sisca.co,"2,834,332
",200,woocommerce,es,
http://ozonoysalud.com,"5,869,815
",200,prestashop,es,
http://florea.es,,200,prestashop,es,",hola@florea.es"
http://replicantairsoft.com,"4,488,994
",406,,,['']
http://exeom.es,"9,256,351
",200,,es,
http://go-skate.eu,,503,,,['']
http://ceramicayartesania.com,,200,prestashop,,['']
http://vaultgadgets.net,,200,,,
http://fantasticcake.es,"5,111,007
",200,prestashop,es-es,",info@fantasticcake.es"
,"7,489,378
",,,,['']
http://tubellezaaqui.com,,200,prestashop,es,",extensiones_venta@hotmail.com"
http://repostos.es,"2,157,208
",200,prestashop,es,",info@repostos.es"
http://vinosacra.es,"4,226,048
",200,,,['']
http://gcar.es,"2,726,879
",200,magento,es,
http://valhalla.es,,200,,es,
http://boutiquepapelpintado.com,,200,,es,
http://numismaticaflores.com,"9,328,133
",200,prestashop,es-es,",numisflores@numisflores.com"
http://paratucamion.com,,200,prestashop,es-es,",comercial@paratucamion.com"
http://horaantes.com,,403,,,['']
http://prodimedia.com,,200,prestashop,es-es,
http://artcar.es,"17,192,304
",200,,,
http://basicmadera.com,"1,044,106
",200,prestashop,es-es,",info@basicmadera.com"
,,,,,['']
http://sapiensrunner.es,"11,041,237
",200,,en-US,
http://mrnatural.es,"3,717,961
",200,prestashop,es-es,",hola@mrnatural.es"
,"3,186,017
",,,,['']
http://sun43.es,,200,prestashop,es-es,",info@sun43.es"
http://naymamodainfantil.com,,503,,,['']
http://productoselgallo.com,"6,042,906
",200,,es,
http://descuentosparafarmacia.es,"7,127,354
",200,magento,es,",info@descuentosparafarmacia.com"
http://alpinet.es,"5,961,981
",200,prestashop,es-es,
http://judaicawebstore.com,"244,231
",200,,en,
http://cns.com.uy,"1,456,935
",200,prestashop,es-es,",cnstec@cns.com.uy"
http://comarfi.com,"2,498,220
",200,prestashop,es-es,",info@comarfi.com"
http://acomprarvinos.com,"8,643,774
",200,prestashop,es-es,",info@acomprarvinos.com"
http://teahorrasx.com,"18,027,423
",200,,,['']
http://estatusfloristeria.com,,200,woocommerce,es,
http://ajlogos.es,"14,204,784
",200,,es,
http://ammim.org,,200,,en,
http://albithinia.com,"14,238,835
",200,prestashop,es-es,",info@albithinia.com"
http://gokidsbcn.com,,200,,es,
http://bebiendote.com,"4,787,857
",200,opencart,es,",contacto@bebiendote.com"
http://tablasdesnowboard.es,"6,365,277
",200,prestashop,es-es,",hola@tablasdesnowboard.es"
http://islamshop.es,,200,,es,
http://recargamicartucho.com,"6,011,349
",200,,es,
http://e-vap.es,,200,,es,
http://urnas-funerarias.es,"4,529,322
",200,magento,,['']
http://infantilandia.es,"1,217,146
",403,,,['']
http://reforclima.es,,403,,,['']
http://tucorral.com,,200,prestashop,,['']
http://somosdomo.com,,200,prestashop,es,",somosdomo@gmail.com"
http://ofideco.eu,"6,325,022
",200,,es,
http://masquemerceria.com,"2,967,828
",200,prestashop,es-es,",info@masquemerceria.com"
http://fiestamania.es,,200,prestashop,,['']
http://lumpa.es,"11,096,318
",200,woocommerce,es,
http://farmaciaperezsalgado.com,,200,magento,es,
http://consolesexpert.com,,200,,en-gb,
http://cosmelandia.com,,200,woocommerce,en-US,
http://sexcita.es,,200,prestashop,es-es,",consultas@corazondemelon.net"
http://kite-addiction.es,,200,,es,
http://todopersonalizados.com,,200,prestashop,es-es,",info@todopersonalizados.com"
http://codroper.com,,200,magento,es,
http://mi-apple.es,"13,252,974
",200,prestashop,es,",mi-apple@mi-apple.es"
http://parafarmaciaalcala.es,"4,754,706
",200,,es,
http://freegamelh.es,,200,woocommerce,es,
http://terranat.es,"2,874,187
",200,prestashop,es-es,
http://havalina.es,,200,,es,
,"7,716,860
",,,,['']
http://dentaliberica.com,"1,183,855
",200,,es,
http://iberbag.com,"6,657,826
",200,woocommerce,es,
,,,,,['']
,,,,,['']
http://moviliario.es,"8,905,952
",200,prestashop,es-es,",info@moviliario.es"
http://queridacarmen.com,,200,,es,
http://vigar.com,,200,magento,en,
http://si-divani.com,"1,510,864
",200,shopify,,['']
http://saludfarmacia.es,,200,prestashop,es,
http://greenbamboo.es,,200,prestashop,es-es,
http://tienda-just-eat.es,,200,,es,
http://technicalrp.com,"6,657,084
",200,,,['']
http://4tres3.com,,200,prestashop,,['']
http://bcdelectro.es,,200,,es,",info@bcdelectro.es"
http://megabici.com,"3,193,463
",406,,,['']
http://termostatointeligente.es,"7,156,105
",200,prestashop,es,
http://sportscorner.es,"6,282,050
",200,prestashop,es-es,",pedidos@sportscorner.es"
http://beniroom.com,,200,woocommerce,es-ES,
http://fertiltest.com,,200,,es,",ale@fertiltest.com"
http://superguau.es,"2,582,461
",200,prestashop,es-es,
http://hermadi.es,,200,,es,
http://grifotienda.com,,200,,es,
http://boticacentro.es,"11,185,329
",200,,es,
http://ceycomonline.com,"9,508,370
",200,,,['']
http://floristerialosolivos.com,,200,,,['']
http://pasionciclista.es,,200,prestashop,es,",tienda@pasionciclista.es"
http://notancasual.com,"3,949,777
",200,prestashop,,['']
http://totmedical.com,"2,463,869
",200,prestashop,es-es,",info@totmedical.com"
http://soldadosdplomo.com,"7,182,117
",200,prestashop,es-es,",info@soldadosdplomo.com"
http://lacasadelaszapatillas.es,,200,,es,",info@lacasadelaszapatillas.es"
,,,,,['']
http://bolinchelidrinkstore.com,"10,965,249
",200,prestashop,es,
http://urpilibros.com,"3,434,884
",200,,es,
http://adncomponentes.com,"3,956,257
",200,prestashop,es-es,",917540582comercial@adncomponentes.com"
http://bicicletaspalma.es,,200,prestashop,es-es,",bicicletaspalma@bicicletaspalma.es"
,,,,,['']
http://musicalbareda.com,,200,,es,
,,,,,['']
http://sevillatungsteno.com,,200,,en,
http://masquepolicias.com,"6,408,189
",200,prestashop,,['']
http://latiendamedica.co,"5,479,792
",200,,es,
http://vinoscovigran.com,"7,911,448
",200,prestashop,es,
http://grupospz.com,,200,prestashop,,['']
http://fanaticos.cr,"9,014,811
",200,shopify,,['']
http://netcomp.com.co,,200,prestashop,es-es,",ventas@cableado-estructurado.com.co"
http://cwmoviles.es,,503,,,['']
http://preciorecord.es,"4,290,779
",200,prestashop,es,",info@preciorecord.com"
http://crystalnailstienda.es,"6,053,786
",200,,es,
http://gonzaleztratamiento.es,,200,prestashop,es-es,",info@gonzaleztratamiento.es"
http://suministrestecnics.com,"8,361,663
",200,prestashop,es-es,",informacion@tecnicscarpi.com"
http://herbolariojacris.es,,200,woocommerce,es,
http://terremotoonline.com,,200,prestashop,es,",terremotonline@gmail.com"
http://ecoyoga.es,"2,543,365
",200,prestashop,es-es,
http://kiamlaahminerales.es,,200,,es,",info@grupotyk.comAtenci√≥n"
http://patrondeyate.net,"3,758,861
",200,,es-es,
http://bextreme.es,,200,prestashop,es-es,",sports@bextreme.es"
http://bodegascastano.com,"2,251,784
",200,,es-es,
http://roninstrike.com,,200,prestashop,es-es,",info@roninstrike.com"
http://onlinecomics.es,"9,512,973
",200,,es,
http://mascotetes.com,"10,643,318
",200,,es-es,
http://spaciodecor.com,,200,magento,es,
http://fitsfeet.com,,200,prestashop,es-es,",info@fitsfeet.com"
http://slikhaarshop.es,"14,042,651
",200,magento,es,
http://mundokiriko.com,"5,986,300
",200,oscommerce,es,
http://petitchami.com,,200,,es,
http://nutricosmeticafar.com,"6,620,372
",200,prestashop,es,
http://imovilshop.com,,200,,zh-CN,
http://abetheape.es,"6,119,316
",403,,,['']
http://electrosuronline.com,,200,,es,
http://micumacu.com,"17,748,294
",200,shopify,,['']
http://pideloaqui.com,,200,,en-US,
http://bcnapothecary.com,"10,175,487
",200,,es-es,
http://cuchilleriaamos.com,"6,174,768
",200,prestashop,es-es,",info@cuchilleriaamos.com"
http://3dvisual.es,,200,,es-ES,
http://relojeshermosos.es,"11,240,983
",200,,es,
http://urbanfighter.es,"3,605,104
",200,woocommerce,es,
http://musaventura.com,,503,,,['']
http://florestore.com,"3,623,217
",200,,,['']
http://sirfran.com,"2,808,377
",200,prestashop,es-es,
http://paladeo.es,,200,woocommerce,es-ES,
http://reji.es,"11,115,607
",200,prestashop,es-es,",info@reji.es"
http://ferreteriamontano.es,"10,531,338
",503,,,['']
http://giftcardbsf.com,"11,713,493
",406,,,['']
http://sumergete.es,,200,woocommerce,es,",info@sumergete.es"
http://hidraferr.es,"5,159,863
",200,prestashop,,['']
http://solucionesdeconsumo.com,"6,933,201
",200,prestashop,es-es,
http://railowsky.com,"10,722,458
",200,woocommerce,es,",libreria@railowsky.com"
http://lenoir.es,"3,033,608
",200,prestashop,es-es,",info@lenoir.es"
http://ropadetrabajohernandez.com,"6,950,080
",200,prestashop,es-es,
http://tallasgrandescoqueta.com,,200,prestashop,,['']
http://reprotel.com,"1,498,318
",200,,,['']
http://armeriatoribio.es,"9,069,159
",200,,es-ES,
http://tiendagpsgarmin.es,"1,642,092
",200,,es,
http://relojpared.com,"15,929,742
",200,,en,
http://zapatasevilla.es,"19,377,051
",200,prestashop,es-es,
http://medialuzequipamiento.es,"3,302,365
",200,woocommerce,es,
http://laranaconpelo.es,,200,prestashop,es-es,",laranaconpelo@deportesmoya.com"
http://dtpdirectshop.es,,200,,es,
http://bopan.cat,"5,987,538
",200,prestashop,ca-es,
http://caramelosychocolates.com,"10,398,961
",200,,es,
http://nacionalelectricaferretera.com,"1,846,837
",200,prestashop,es-mx,",atencionaclientes@nacionalelectricaferretera.com"
http://digitronica.es,"2,449,497
",200,magento,es,
,,,,,['']
http://productoslea.com,"9,834,277
",200,,es-ES,
http://willshop.es,"6,047,260
",200,prestashop,es,
,"7,133,776
",,,,['']
http://fermartos.com,,200,prestashop,es-es,",info@fermartos.com"
http://floresbogota.co,"3,751,658
",403,,,['']
,"2,918,041
",,,,['']
http://recambiosoriginaleshonda.com,"10,533,581
",200,,es,
http://cid-h.com,,200,,,['']
http://enpuntdonze.com,,200,,,['']
http://albapatch.com,"17,476,752
",200,,es,
http://conservasasensio.com,"4,413,476
",200,prestashop,es-es,",info@conservasasensio.com"
http://todosaintseiya.com,"2,575,874
",200,prestashop,es-es,",todosaintseiya@hotmail.com"
http://comprarseguridad.es,"3,115,875
",404,,,['']
http://ritarow.com,"4,404,517
",200,,en,",info@ritarow.com"
http://bioprint.es,,200,,es,
http://casaferretera.com,"4,163,752
",200,,es-es,
http://confectionaryholdingshop.com,"14,717,463
",200,,,['']
http://fitnesschic.es,,200,,es,
http://bitech.es,"5,555,019
",200,prestashop,es,",info@bitech.es"
http://huertoweb.es,"17,910,410
",200,,es,
http://suallabs.com,"5,696,319
",200,,es,
http://chocoliss.com,"7,115,311
",406,,,['']
http://tetique.com,"1,687,431
",200,magento,es,
http://aceitunerajiennense.com,"10,175,368
",200,prestashop,es-es,",aceitunera@aceitunerajiennense.com"
http://leone1947.es,"3,249,738
",403,,,['']
http://naturplus.es,,500,,,['']
http://mayoristaelectronico.com,"12,507,377
",200,prestashop,,['']
,,,,,['']
http://m1tactic.com,"4,613,599
",200,prestashop,es-es,
http://jugueteriaonline.com,,200,prestashop,,['']
http://rosillo.es,"11,012,722
",403,,,['']
http://deliciousesmas.es,,200,,es,
http://lasershop.es,,200,,en,
,,,,,['']
http://woodna.es,"3,682,343
",200,,es,",informacion@woodna.es"
http://agromaquinariajulian.es,"2,712,714
",200,prestashop,es,
,,,,,['']
http://cchobby.es,"1,583,982
",200,magento,es,",hola@cchobby.es"
http://roostersailing.es,"4,442,812
",200,prestashop,,['']
http://nany41.com,,406,,,['']
http://floreriaonline.com,,200,magento,es,
http://gafadeportiva.com,"3,258,053
",200,,es,
,,,,,['']
http://argym.es,"5,473,807
",200,prestashop,es-es,
http://calvoselectronica.com,"4,788,064
",200,prestashop,,['']
http://freshvana.com,"3,031,712
",200,,es,
http://pcuniversal.es,"15,885,801
",200,prestashop,es,",info@pcuniversal.es902"
http://pamiela.com,"2,924,165
",200,,es-es,
http://bulevarverde.com,"10,439,917
",200,,,['']
http://zapatosdepiel.com,,403,,,['']
,,,,,['']
http://luisforte.com,,410,,,['']
http://labuenacompra.es,"8,799,752
",200,prestashop,es-es,",info@labuenacompra.es"
http://horizontenatural.com,"5,523,936
",200,prestashop,,['']
http://perfumesyesencias.com,,200,prestashop,es,",sandalperfums@sandalperfums.com"
http://jardininfinito.com,"6,967,525
",200,prestashop,es-es,
http://naranjadirecta.com,,200,,en,
http://oncoestetica.es,"3,781,924
",200,prestashop,es-es,
http://trailxtrem.com,"2,795,692
",500,,,['']
http://emershop.com,,200,prestashop,es-es,",info@emershop.com"
http://courroie-de-tondeuse.com,"952,643
",200,prestashop,fr,
http://recambiosagricolasonline.com,"3,610,481
",200,prestashop,es,",info@recambiosagricolasonline.com"
http://kalma-organics.com,,200,,es,",kalma@naetura.com"
http://rehabfisica.com,,200,prestashop,es-es,",info@rehabfisica.com"
http://bicionline.es,"8,900,413
",200,prestashop,es-es,
http://contactsport.es,"4,225,014
",200,prestashop,es,",info@contactsport.es"
http://mueblesguadalhorce.es,"8,408,905
",200,,ES,",info@mueblesguadalhorce.es"
http://seedmo.com,"6,887,207
",200,magento,es,
http://firessa.com,"13,605,503
",200,,es-es,",contacto@firessa.com"
http://pinturaonline.es,,200,woocommerce,es-ES,
http://hostelmat.com,,200,prestashop,,['']
http://zafus.es,,521,,,['']
http://magilusion.com,"6,085,129
",200,prestashop,,['']
http://objetivoboda.com,,200,,,['']
http://kedekedeporte.com,"6,491,242
",200,,es-es,
http://bonsaigranada.com,"3,211,674
",200,prestashop,es,
http://organicgaia.es,"4,267,402
",403,,,['']
http://silarte.com,"7,240,425
",200,oscommerce,es,
http://teammartinkart.com,"3,879,044
",200,prestashop,es,",info@teammartinkart.com"
http://ventadeantiguedades.es,"7,754,966
",200,prestashop,,['']
http://relaxwood.es,"9,490,553
",200,prestashop,es-es,
http://neumaticosbaratos.com,,200,,,['']
http://trisol.es,,200,oscommerce,es,
http://ofertaliux.com,"5,005,673
",200,prestashop,es,",hola@ofertaliux.com"
http://papeldispal.es,"6,319,283
",200,magento,es,
,,,,,['']
http://elmorrion.com,"4,883,384
",200,,es,
http://webacuarios.es,,500,,,['']
,"8,891,007
",,,,['']
http://furiousfish.es,"3,561,423
",200,prestashop,es,",info@furiousfish.es"
http://sweetworldofnails.com,"9,905,267
",200,shopify,en,
http://uvitoner.es,"5,036,437
",200,prestashop,es-es,",margarita@uvitoner.es"
http://comercialopazo.es,,200,prestashop,,['']
http://sisca.co,"2,834,332
",200,woocommerce,es,
http://ozonoysalud.com,"5,869,815
",200,prestashop,es,
http://florea.es,,200,prestashop,es,",hola@florea.es"
http://replicantairsoft.com,"4,488,994
",406,,,['']
http://exeom.es,"9,256,351
",200,,es,
http://go-skate.eu,,503,,,['']
http://ceramicayartesania.com,,200,prestashop,,['']
http://vaultgadgets.net,,200,,,
http://fantasticcake.es,"5,111,007
",200,prestashop,es-es,",info@fantasticcake.es"
,"7,489,378
",,,,['']
http://tubellezaaqui.com,,200,prestashop,es,",extensiones_venta@hotmail.com"
http://repostos.es,"2,157,208
",200,prestashop,es,",info@repostos.es"
http://vinosacra.es,"4,226,048
",200,,,['']
http://gcar.es,"2,726,879
",200,magento,es,
http://neumaticosbaratos.com,,200,,,['']
http://neumaticosbaratos.com,,200,,,['']
http://trisol.es,,200,oscommerce,es,
http://ofertaliux.com,"5,005,673
",200,prestashop,es,",hola@ofertaliux.com"
http://papeldispal.es,"6,319,283
",200,magento,es,
,,,,,['']
http://elmorrion.com,"4,883,384
",200,,es,
http://webacuarios.es,,200,,es,
,"8,891,007
",,,,['']
http://furiousfish.es,"3,561,423
",200,prestashop,es,",info@furiousfish.es"
http://sweetworldofnails.com,"9,905,267
",200,shopify,en,
http://uvitoner.es,"5,036,437
",200,prestashop,es-es,",margarita@uvitoner.es"
http://comercialopazo.es,,200,prestashop,,['']
http://sisca.co,"2,834,332
",200,woocommerce,es,
http://ozonoysalud.com,"5,869,815
",200,prestashop,es,
http://florea.es,,200,prestashop,es,",hola@florea.es"
http://replicantairsoft.com,"4,488,994
",406,,,['']
http://exeom.es,"9,256,351
",200,,es,
http://go-skate.eu,,503,,,['']
http://ceramicayartesania.com,,200,prestashop,,['']
http://vaultgadgets.net,,200,,,
http://fantasticcake.es,"5,111,007
",200,prestashop,es-es,",info@fantasticcake.es"
http://ekitienda.com,"7,489,378
",200,,es,
http://tubellezaaqui.com,,200,prestashop,es,",extensiones_venta@hotmail.com"
http://repostos.es,"2,157,208
",200,prestashop,es,",info@repostos.es"
http://vinosacra.es,"4,226,048
",200,,,['']
http://gcar.es,"2,726,879
",200,magento,es,
http://neumaticosbaratos.com,,200,,,['']
http://trisol.es,,200,oscommerce,es,
http://ofertaliux.com,"5,005,673
",200,prestashop,es,",hola@ofertaliux.com"
http://papeldispal.es,"6,319,283
",200,magento,es,
,,,,,['']
http://elmorrion.com,"4,883,384
",200,,es,
http://webacuarios.es,,200,,es,
,"8,891,007
",,,,['']
http://furiousfish.es,"3,561,423
",200,prestashop,es,",info@furiousfish.es"
http://sweetworldofnails.com,"9,905,267
",200,shopify,en,
http://uvitoner.es,"5,036,437
",200,prestashop,es-es,",margarita@uvitoner.es"
http://comercialopazo.es,,200,prestashop,,['']
http://sisca.co,"2,834,332
",200,woocommerce,es,
http://ozonoysalud.com,"5,869,815
",200,prestashop,es,
http://florea.es,,200,prestashop,es,",hola@florea.es"
http://replicantairsoft.com,"4,488,994
",406,,,['']
http://exeom.es,"9,256,351
",200,,es,
http://go-skate.eu,,503,,,['']
http://ceramicayartesania.com,,200,prestashop,,['']
http://vaultgadgets.net,,200,,,
http://fantasticcake.es,"5,111,007
",200,prestashop,es-es,",info@fantasticcake.es"
http://ekitienda.com,"7,489,378
",200,,es,
http://tubellezaaqui.com,,200,prestashop,es,",extensiones_venta@hotmail.com"
http://repostos.es,"2,157,208
",200,prestashop,es,",info@repostos.es"
http://vinosacra.es,"4,226,048
",200,,,['']
http://gcar.es,"2,726,879
",200,magento,es,
http://neumaticosbaratos.com,,200,,,['']
http://trisol.es,,200,oscommerce,es,
http://ofertaliux.com,"5,005,673
",200,prestashop,es,",hola@ofertaliux.com"
http://papeldispal.es,"6,319,283
",200,magento,es,
,,,,,['']
http://elmorrion.com,"4,883,384
",200,,es,
http://webacuarios.es,,200,,es,
,"8,891,007
",,,,['']
http://furiousfish.es,"3,561,423
",200,prestashop,es,",info@furiousfish.es"
http://sweetworldofnails.com,"9,905,267
",200,shopify,en,
http://uvitoner.es,"5,036,437
",200,prestashop,es-es,",margarita@uvitoner.es"
http://comercialopazo.es,,200,prestashop,,['']
http://sisca.co,"2,834,332
",200,woocommerce,es,
http://ozonoysalud.com,"5,869,815
",200,prestashop,es,
http://florea.es,,200,prestashop,es,",hola@florea.es"
http://replicantairsoft.com,"4,488,994
",406,,,['']
http://exeom.es,"9,256,351
",200,,es,
http://go-skate.eu,,503,,,['']
http://ceramicayartesania.com,,200,prestashop,,['']
http://vaultgadgets.net,,200,,,
http://fantasticcake.es,"5,111,007
",200,prestashop,es-es,",info@fantasticcake.es"
http://ekitienda.com,"7,489,378
",200,,es,
http://tubellezaaqui.com,,200,prestashop,es,",extensiones_venta@hotmail.com"
http://repostos.es,"2,157,208
",200,prestashop,es,",info@repostos.es"
http://vinosacra.es,"4,226,048
",200,,,['']
,"2,726,879
",,,,['']
http://neumaticosbaratos.com,,200,,,['']
http://trisol.es,,200,oscommerce,es,
http://ofertaliux.com,"5,005,673
",200,prestashop,es,",hola@ofertaliux.com"
http://papeldispal.es,"6,319,283
",200,magento,es,
,,,,,['']
http://elmorrion.com,"4,883,384
",200,,es,
http://webacuarios.es,,200,,es,
,"8,891,007
",,,,['']
http://furiousfish.es,"3,561,423
",200,prestashop,es,",info@furiousfish.es"
http://sweetworldofnails.com,"9,905,267
",200,shopify,en,
http://uvitoner.es,"5,036,437
",200,prestashop,es-es,",margarita@uvitoner.es"
http://comercialopazo.es,,200,prestashop,,['']
http://sisca.co,"2,834,332
",200,woocommerce,es,
http://ozonoysalud.com,"5,869,815
",200,prestashop,es,
http://florea.es,,200,prestashop,es,",hola@florea.es"
http://replicantairsoft.com,"4,488,994
",406,,,['']
http://exeom.es,"9,256,351
",200,,es,
http://go-skate.eu,,503,,,['']
http://ceramicayartesania.com,,200,prestashop,,['']
http://vaultgadgets.net,,200,,,
http://fantasticcake.es,"5,111,007
",200,prestashop,es-es,",info@fantasticcake.es"
http://ekitienda.com,"7,489,378
",200,,es,
http://tubellezaaqui.com,,200,prestashop,es,",extensiones_venta@hotmail.com"
http://repostos.es,"2,157,208
",200,prestashop,es,",info@repostos.es"
http://vinosacra.es,"4,226,048
",200,,,['']
http://gcar.es,"2,726,879
",200,magento,es,
http://neumaticosbaratos.com,,200,,,['']
http://trisol.es,,200,oscommerce,es,
http://ofertaliux.com,"5,005,673
",200,prestashop,es,",hola@ofertaliux.com"
http://papeldispal.es,"6,319,283
",200,magento,es,
,,,,,['']
http://elmorrion.com,"4,883,384
",200,,es,
http://webacuarios.es,,200,,es,
,"8,891,007
",,,,['']
http://furiousfish.es,"3,561,423
",200,prestashop,es,",info@furiousfish.es"
http://sweetworldofnails.com,"9,905,267
",200,shopify,en,
http://uvitoner.es,"5,036,437
",200,prestashop,es-es,",margarita@uvitoner.es"
http://comercialopazo.es,,200,prestashop,,['']
http://sisca.co,"2,834,332
",200,woocommerce,es,
http://ozonoysalud.com,"5,869,815
",200,prestashop,es,
http://florea.es,,200,prestashop,es,",hola@florea.es"
http://replicantairsoft.com,"4,488,994
",406,,,['']
http://exeom.es,"9,256,351
",200,,es,
http://go-skate.eu,,503,,,['']
http://ceramicayartesania.com,,200,prestashop,,['']
http://vaultgadgets.net,,200,,,
http://fantasticcake.es,"5,111,007
",200,prestashop,es-es,",info@fantasticcake.es"
http://ekitienda.com,"7,489,378
",200,,es,
http://tubellezaaqui.com,,200,prestashop,es,",extensiones_venta@hotmail.com"
http://repostos.es,"2,157,208
",200,prestashop,es,",info@repostos.es"
http://vinosacra.es,"4,226,048
",200,,,['']
http://gcar.es,"2,726,879
",200,magento,es,
http://neumaticosbaratos.com,,200,,,['']
http://trisol.es,,200,oscommerce,es,
http://ofertaliux.com,"5,005,673
",200,prestashop,es,",hola@ofertaliux.com"
http://papeldispal.es,"6,319,283
",200,magento,es,
,,,,,['']
http://elmorrion.com,"4,883,384
",200,,es,
http://webacuarios.es,,200,,es,
,"8,891,007
",,,,['']
http://furiousfish.es,"3,561,423
",200,prestashop,es,",info@furiousfish.es"
http://sweetworldofnails.com,"9,905,267
",200,shopify,en,
http://uvitoner.es,"5,036,437
",200,prestashop,es-es,",margarita@uvitoner.es"
http://comercialopazo.es,,200,prestashop,,['']
http://sisca.co,"2,834,332
",200,woocommerce,es,
http://ozonoysalud.com,"5,869,815
",200,prestashop,es,
http://florea.es,,200,prestashop,es,",hola@florea.es"
http://replicantairsoft.com,"4,488,994
",406,,,['']
http://exeom.es,"9,256,351
",200,,es,
http://go-skate.eu,,503,,,['']
http://ceramicayartesania.com,,200,prestashop,,['']
http://vaultgadgets.net,,200,,,
http://fantasticcake.es,"5,111,007
",200,prestashop,es-es,",info@fantasticcake.es"
http://ekitienda.com,"7,489,378
",200,,es,
http://tubellezaaqui.com,,200,prestashop,es,",extensiones_venta@hotmail.com"
http://repostos.es,"2,157,208
",200,prestashop,es,",info@repostos.es"
http://vinosacra.es,"4,226,048
",200,,,['']
http://gcar.es,"2,726,879
",200,magento,es,
http://neumaticosbaratos.com,,200,,,['']
http://trisol.es,,200,oscommerce,es,
http://ofertaliux.com,"5,005,673
",200,prestashop,es,",hola@ofertaliux.com"
http://papeldispal.es,"6,319,283
",200,magento,es,
,,,,,['']
http://elmorrion.com,"4,883,384
",200,,es,
http://webacuarios.es,,200,,es,
,"8,891,007
",,,,['']
http://furiousfish.es,"3,561,423
",200,prestashop,es,",info@furiousfish.es"
http://sweetworldofnails.com,"9,905,267
",200,shopify,en,
http://uvitoner.es,"5,036,437
",200,prestashop,es-es,",margarita@uvitoner.es"
http://comercialopazo.es,,200,prestashop,,['']
http://sisca.co,"2,834,332
",200,woocommerce,es,
http://ozonoysalud.com,"5,869,815
",200,prestashop,es,
http://florea.es,,200,prestashop,es,",hola@florea.es"
http://replicantairsoft.com,"4,488,994
",406,,,['']
http://exeom.es,"9,256,351
",200,,es,
http://go-skate.eu,,503,,,['']
http://ceramicayartesania.com,,200,prestashop,,['']
http://vaultgadgets.net,,200,,,
http://fantasticcake.es,"5,111,007
",200,prestashop,es-es,",info@fantasticcake.es"
http://ekitienda.com,"7,489,378
",200,,es,
http://tubellezaaqui.com,,200,prestashop,es,",extensiones_venta@hotmail.com"
http://repostos.es,"2,157,208
",200,prestashop,es,",info@repostos.es"
http://vinosacra.es,"4,226,048
",200,,,['']
http://gcar.es,"2,726,879
",200,magento,es,
http://neumaticosbaratos.com,,200,,,['']
http://trisol.es,,200,oscommerce,es,
http://ofertaliux.com,"5,005,673
",200,prestashop,es,",hola@ofertaliux.com"
http://papeldispal.es,"6,319,283
",200,magento,es,
,,,,,['']
http://elmorrion.com,"4,883,384
",200,,es,
http://webacuarios.es,,200,,es,
,"8,891,007
",,,,['']
http://furiousfish.es,"3,561,423
",200,prestashop,es,",info@furiousfish.es"
http://sweetworldofnails.com,"9,905,267
",200,shopify,en,
http://uvitoner.es,"5,036,437
",200,prestashop,es-es,",margarita@uvitoner.es"
http://comercialopazo.es,,200,prestashop,,['']
http://sisca.co,"2,834,332
",200,woocommerce,es,
http://ozonoysalud.com,"5,869,815
",200,prestashop,es,
http://florea.es,,200,prestashop,es,",hola@florea.es"
http://replicantairsoft.com,"4,488,994
",406,,,['']
http://exeom.es,"9,256,351
",200,,es,
http://go-skate.eu,,503,,,['']
http://ceramicayartesania.com,,200,prestashop,,['']
http://vaultgadgets.net,,200,,,
http://fantasticcake.es,"5,111,007
",200,prestashop,es-es,",info@fantasticcake.es"
http://ekitienda.com,"7,489,378
",200,,es,
http://tubellezaaqui.com,,200,prestashop,es,",extensiones_venta@hotmail.com"
http://repostos.es,"2,157,208
",200,prestashop,es,",info@repostos.es"
http://vinosacra.es,"4,226,048
",200,,,['']
http://gcar.es,"2,726,879
",200,magento,es,
http://neumaticosbaratos.com,,200,,,['']
http://trisol.es,,200,oscommerce,es,
http://ofertaliux.com,"4,996,541
",200,prestashop,es,",hola@ofertaliux.com"
http://papeldispal.es,"6,308,266
",200,magento,es,
,,,,,['']
http://elmorrion.com,"4,874,598
",200,,es,
http://webacuarios.es,,200,,es,
,"8,877,083
",,,,['']
http://furiousfish.es,"3,555,228
",200,prestashop,es,",info@furiousfish.es"
http://sweetworldofnails.com,,200,shopify,en,
http://uvitoner.es,"5,027,217
",200,prestashop,es-es,",margarita@uvitoner.es"
http://comercialopazo.es,,200,prestashop,,['']
http://sisca.co,"2,721,170
",200,woocommerce,es,
http://ozonoysalud.com,"5,859,267
",200,prestashop,es,
http://florea.es,,200,prestashop,es,",hola@florea.es"
http://replicantairsoft.com,"4,482,573
",406,,,['']
http://exeom.es,"9,242,109
",200,,es,
http://go-skate.eu,,503,,,['']
http://ceramicayartesania.com,,200,prestashop,,['']
http://vaultgadgets.net,,200,,,
http://fantasticcake.es,"5,101,871
",200,prestashop,es-es,",info@fantasticcake.es"
http://ekitienda.com,"7,477,658
",200,,es,
http://tubellezaaqui.com,,200,prestashop,es,",extensiones_venta@hotmail.com"
http://repostos.es,"2,153,478
",200,prestashop,es,",info@repostos.es"
http://vinosacra.es,"4,218,817
",200,,,['']
http://gcar.es,"2,722,478
",200,magento,es,
